<included>
    <property file="${ETREE_HOME}/referencedata/config/log.properties" />
    
	<appender name="consoleLogger" class="ch.qos.logback.core.ConsoleAppender">
		<encoder>
			<pattern>${log.pattern}</pattern>
		</encoder>
	</appender>

	<appender name="referencedataLogger" class="ch.qos.logback.core.rolling.RollingFileAppender">
		<file>${referencedata.log.file}</file>

        <rollingPolicy class="ch.qos.logback.core.rolling.SizeAndTimeBasedRollingPolicy">
            <fileNamePattern>${referencedata.log.filepattern}</fileNamePattern>  
            <maxFileSize>10MB</maxFileSize>
            <totalSizeCap>2GB</totalSizeCap>
            <maxHistory>60</maxHistory>
        </rollingPolicy>

		<encoder>
			<pattern>${log.pattern}</pattern>
		</encoder>
	</appender>

	<logger name="com.etree" level="${referencedata.log.level}" >
		<appender-ref ref="consoleLogger" />
		<appender-ref ref="referencedataLogger" />
	</logger>

	<logger name="org.springframework" level="${referencedata.log.level}" >
		<appender-ref ref="consoleLogger" />
		<appender-ref ref="referencedataLogger" />
	</logger>
    <logger name="org.apache" level="WARN" />
    <logger name="httpclient" level="WARN" /> 


	<!--  root logger -->
 	<root>
		<level value="DEBUG" />
	</root> 

</included>
